Round,Client,Distance,P,I,D,PID,Threshold,Status,Pruning_Active,Expected_Malicious
1,client0,0.006913802347055125,0.010370703520582688,0.0006913802347055125,0.0,0.0110620837552882,0.016009852621901417,NORMAL,False,True
1,client1,0.006497808622713954,0.009746712934070931,0.0006497808622713954,0.0,0.010396493796342327,0.016009852621901417,NORMAL,False,True
1,client2,0.00663970250791063,0.009959553761865945,0.0006639702507910631,0.0,0.010623524012657008,0.016009852621901417,NORMAL,False,True
1,client3,0.011998360325956695,0.017997540488935045,0.0011998360325956696,0.0,0.019197376521530713,0.016009852621901417,NORMAL,False,True
1,client4,0.007398951389502062,0.011098427084253092,0.0007398951389502062,0.0,0.011838322223203298,0.016009852621901417,NORMAL,False,False
1,client5,0.007465483267848095,0.011198224901772143,0.0007465483267848095,0.0,0.011944773228556952,0.016009852621901417,NORMAL,False,False
1,client6,0.008273576150913843,0.012410364226370766,0.0008273576150913844,0.0,0.01323772184146215,0.016009852621901417,NORMAL,False,False
1,client7,0.007084410122520247,0.01062661518378037,0.0007084410122520247,0.0,0.011335056196032395,0.016009852621901417,NORMAL,False,False
1,client8,0.007480763555434613,0.01122114533315192,0.0007480763555434613,0.0,0.01196922168869538,0.016009852621901417,NORMAL,False,False
1,client9,0.007910474700256201,0.011865712050384301,0.0007910474700256201,0.0,0.012656759520409922,0.016009852621901417,NORMAL,False,False
1,client10,0.007143347287537397,0.010715020931306095,0.0007143347287537397,0.0,0.011429355660059835,0.016009852621901417,NORMAL,False,False
1,client11,0.006745747363977046,0.01011862104596557,0.0006745747363977047,0.0,0.010793195782363273,0.016009852621901417,NORMAL,False,False
1,client12,0.006668220278840318,0.010002330418260477,0.0006668220278840319,0.0,0.010669152446144508,0.016009852621901417,NORMAL,False,False
1,client13,0.008922027311149043,0.013383040966723565,0.0008922027311149043,0.0,0.01427524369783847,0.016009852621901417,NORMAL,False,False
1,client14,0.006809813808798571,0.010214720713197857,0.0006809813808798572,0.0,0.010895702094077715,0.016009852621901417,NORMAL,False,False
1,client15,0.0072526836811565585,0.010879025521734838,0.0007252683681156558,0.0,0.011604293889850494,0.016009852621901417,NORMAL,False,False
1,client16,0.009273143833022914,0.013909715749534372,0.0009273143833022914,0.0,0.014837030132836663,0.016009852621901417,NORMAL,False,False
1,client17,0.007118460540765588,0.010677690811148381,0.0007118460540765588,0.0,0.01138953686522494,0.016009852621901417,NORMAL,False,False
1,client18,0.011301677471294928,0.01695251620694239,0.0011301677471294929,0.0,0.018082683954071883,0.016009852621901417,NORMAL,False,False
1,client19,0.006963684857070998,0.010445527285606496,0.0006963684857070998,0.0,0.011141895771313597,0.016009852621901417,NORMAL,False,False
2,client6,0.0072201253242986695,0.010830187986448005,0.0015493701475212513,-0.0008427606612921392,0.011536797472677118,0.01748156292460637,NORMAL,False,False
2,client10,0.007779430388831572,0.011669145583247359,0.001492277767636897,0.0005088664810353402,0.013670289831919596,0.01748156292460637,NORMAL,False,False
2,client16,0.008893666030716205,0.013340499046074308,0.001816680986373912,-0.0003035822418453668,0.014853597790602854,0.01748156292460637,NORMAL,False,False
2,client9,0.007683208890516326,0.01152481333577449,0.0015593683590772527,-0.00018181264779189993,0.012902369047059842,0.01748156292460637,NORMAL,False,False
2,client18,0.007461411619729953,0.01119211742959493,0.0018763089091024883,-0.0030722126812519797,0.009996213657445439,0.01748156292460637,NORMAL,False,False
2,client1,0.006768382249432751,0.010152573374149126,0.0013266190872146706,0.00021645890137503775,0.011695651362738835,0.01748156292460637,NORMAL,False,True
2,client13,0.007876527471061252,0.011814791206591877,0.0016798554782210297,-0.0008363998720702329,0.012658246812742673,0.01748156292460637,NORMAL,False,False
2,client0,0.007069257311951797,0.010603885967927695,0.0013983059659006922,0.00012436397191733714,0.012126555905745724,0.01748156292460637,NORMAL,False,True
2,client7,0.007506916963262837,0.011260375444894256,0.0014591327085783086,0.0003380054725940725,0.013057513626066638,0.01748156292460637,NORMAL,False,False
2,client14,0.007090401387687097,0.010635602081530646,0.001390021519648567,0.00022447006311082098,0.012250093664290035,0.01748156292460637,NORMAL,False,False
2,client2,0.006837584740094964,0.010256377110142446,0.0013477287248005597,0.00015830578574746736,0.011762411620690473,0.01748156292460637,NORMAL,False,True
2,client12,0.008868892735980304,0.013303339103970456,0.0015537113014820623,0.001760537965711989,0.016617588371164508,0.01748156292460637,NORMAL,False,False
2,client4,0.00800165938861539,0.012002489082923083,0.0015400610778117452,0.0004821663992906622,0.01402471656002549,0.01748156292460637,NORMAL,False,False
2,client17,0.006539295905421293,0.00980894385813194,0.0013657756446186881,-0.0004633317082754357,0.010711387794475192,0.01748156292460637,NORMAL,False,False
2,client11,0.007443550149031536,0.011165325223547304,0.0014189297513008585,0.0005582422280435922,0.013142497202891755,0.01748156292460637,NORMAL,False,False
2,client3,0.007170973507349451,0.010756460261024177,0.0019169333833306147,-0.0038619094548857954,0.008811484189468996,0.01748156292460637,NORMAL,False,True
2,client5,0.010921293995020705,0.01638194099253106,0.00183867772628688,0.0027646485817380884,0.020985267300556026,0.01748156292460637,NORMAL,False,False
2,client8,0.008884735451326288,0.013327103176989433,0.0016365499006760903,0.0011231775167133405,0.016086830594378865,0.01748156292460637,NORMAL,False,False
2,client15,0.008660676434776358,0.012991014652164536,0.0015913360115932917,0.0011263942028958398,0.015708744866653666,0.01748156292460637,NORMAL,False,False
2,client19,0.00884961898520006,0.01327442847780009,0.001581330384227106,0.0015087473025032503,0.016364506164530446,0.01748156292460637,NORMAL,False,False
3,client19,0.007137980151766679,0.010706970227650018,0.002295128399403774,-0.0013693110667467056,0.011632787560307088,0.02137740393259692,NORMAL,False,False
3,client14,0.011496328805867683,0.017244493208801524,0.0025396544002353355,0.0035247419345444692,0.023308889543581332,0.02137740393259692,NORMAL,False,False
3,client7,0.006859670688731391,0.010289506033097088,0.002145099777451448,-0.0005177970196251568,0.01191680879092338,0.02137740393259692,NORMAL,False,False
3,client8,0.008762958295940879,0.01314443744391132,0.002512845730270178,-9.742172430832752e-05,0.01555986144987317,0.02137740393259692,NORMAL,False,False
3,client4,0.006756100690735136,0.010134151036102703,0.002215671146885259,-0.000996446958304203,0.011353375224683758,0.02137740393259692,NORMAL,False,False
3,client15,0.0071597801031811955,0.010739670154771792,0.0023073140219114115,-0.0012007170652761302,0.011846267111407073,0.02137740393259692,NORMAL,False,False
3,client17,0.006917860765105462,0.010376791147658193,0.0020575617211292343,0.0003028518877473352,0.012737204756534762,0.02137740393259692,NORMAL,False,False
3,client6,0.00944155465884257,0.014162331988263856,0.0024935256134055086,0.0017771434676351209,0.018433001069304483,0.02137740393259692,NORMAL,False,False
3,client3,0.009197871108969835,0.013796806663454751,0.002836720494227598,0.0016215180812963069,0.018255045238978654,0.02137740393259692,NORMAL,False,True
3,client10,0.008296142460480771,0.012444213690721156,0.002321892013684974,0.0004133696573193589,0.01517947536172549,0.02137740393259692,NORMAL,False,False
3,client12,0.008241443854408833,0.01236216578161325,0.0023778556869229455,-0.0005019591052571771,0.014238062363279017,0.02137740393259692,NORMAL,False,False
3,client11,0.00764632073449665,0.011469481101744975,0.0021835618247505236,0.00016221646837209086,0.01381525939486759,0.02137740393259692,NORMAL,False,False
3,client13,0.01356602258633187,0.020349033879497807,0.0030364577368542168,0.0045515960922164955,0.02793708770856852,0.02137740393259692,NORMAL,False,False
3,client18,0.006895265760717917,0.010342898641076875,0.00256583548517428,-0.00045291668720962925,0.012455817439041526,0.02137740393259692,NORMAL,False,False
3,client9,0.007441989343233927,0.01116298401485089,0.002303567293400645,-0.00019297563782591927,0.013273575670425617,0.02137740393259692,NORMAL,False,False
3,client16,0.009611017962314897,0.014416526943472346,0.002777782782605402,0.0005738815452789537,0.0177681912713567,0.02137740393259692,NORMAL,False,False
3,client0,0.007615986651130913,0.01142397997669637,0.0021599046310137836,0.00043738347134329313,0.014021268079053448,0.02137740393259692,NORMAL,False,True
3,client1,0.007169762797400903,0.010754644196101355,0.002043595366954761,0.00032110443837452126,0.013119344001430637,0.02137740393259692,NORMAL,False,True
3,client2,0.007639181909269781,0.011458772863904673,0.002111646915727538,0.0006412777353398535,0.014211697514972064,0.02137740393259692,NORMAL,False,True
3,client5,0.00724567541507344,0.01086851312261016,0.002563245267794224,-0.002940494863957812,0.010491263526446573,0.02137740393259692,NORMAL,False,False
4,client14,0.009221687322489805,0.013832530983734707,0.003461823132484316,-0.0018197131867023029,0.015474640929516722,0.021223561110988998,NORMAL,False,False
4,client17,0.008689644706987186,0.013034467060480778,0.002926526191827953,0.001417427153505379,0.017378420405814107,0.021223561110988998,NORMAL,False,False
4,client6,0.008232188046492088,0.01234828206973813,0.0033167444180547175,-0.0009674932898803862,0.01469753319791246,0.021223561110988998,NORMAL,False,False
4,client13,0.00806327700300103,0.012094915504501546,0.0038427854371543197,-0.004402196466664672,0.011535504474991194,0.021223561110988998,NORMAL,False,False
4,client2,0.00756872129880957,0.011353081948214355,0.002868519045608495,-5.6368488368169214e-05,0.014165232505454681,0.021223561110988998,NORMAL,False,True
4,client10,0.009403184804973319,0.014104777207459979,0.003262210494182306,0.0008856338755940385,0.018252621577236325,0.021223561110988998,NORMAL,False,False
4,client8,0.00958789180138978,0.01438183770208467,0.0034716349104091564,0.0006599468043591212,0.018513419416852948,0.021223561110988998,NORMAL,False,False
4,client5,0.007559077072457767,0.011338615608686651,0.0033191529750400007,0.00025072132590746174,0.014908489909634113,0.021223561110988998,NORMAL,False,False
4,client18,0.012526832087122198,0.018790248130683296,0.0038185186938865,0.004505253061123426,0.027114019885693223,0.021223561110988998,NORMAL,False,False
4,client4,0.009892686898027863,0.014839030347041794,0.0032049398366880456,0.002509268965834182,0.020553239149564022,0.021223561110988998,NORMAL,False,False
4,client7,0.006762865360558558,0.010144298040837836,0.002821386313507304,-7.744426253826695e-05,0.012888240091806873,0.021223561110988998,NORMAL,False,False
4,client11,0.008595264572858252,0.012892896859287378,0.003043088282036349,0.0007591550706892818,0.01669514021201301,0.021223561110988998,NORMAL,False,False
4,client3,0.008609804484248678,0.012914706726373017,0.003697700942652466,-0.00047045329977692536,0.01614195436924856,0.021223561110988998,NORMAL,False,True
4,client1,0.008673899844211151,0.013010849766316727,0.002910985351375876,0.0012033096374481989,0.0171251447551408,0.021223561110988998,NORMAL,False,True
4,client12,0.00915021391178611,0.013725320867679164,0.0032928770781015565,0.000727016045901821,0.01774521399168254,0.021223561110988998,NORMAL,False,False
4,client16,0.007385869544309708,0.011078804316464562,0.0035163697370363726,-0.0017801187344041514,0.012815055319096784,0.021223561110988998,NORMAL,False,False
4,client19,0.007270744226742949,0.010906116340114423,0.0030222028220780687,0.00010621125998101639,0.014034530422173508,0.021223561110988998,NORMAL,False,False
4,client15,0.00706824148974,0.010602362234609999,0.0030141381708854113,-7.323089075295664e-05,0.013543269514742454,0.021223561110988998,NORMAL,False,False
4,client9,0.008269682591795304,0.012404523887692956,0.0031305355525801755,0.0006621545988491018,0.01619721403912223,0.021223561110988998,NORMAL,False,False
4,client0,0.008252499986489954,0.01237874997973493,0.002985154629662779,0.0005092106682872327,0.01587311527768494,0.021223561110988998,NORMAL,False,True
5,client17,0.007672863303017361,0.011509294954526041,0.0036938125221296888,-0.0008134251231758601,0.01438968235347987,0.020702568120242196,NORMAL,True,False
5,client8,0.007356209123687163,0.011034313685530744,0.004207255822777873,-0.001785346142162094,0.013456223366146523,0.020702568120242196,NORMAL,True,False
5,client16,0.0074105390209824986,0.011115808531473748,0.004257423639134623,1.9735581338232307e-05,0.015392967751946604,0.020702568120242196,NORMAL,True,False
5,client6,0.007695453482651065,0.011543180223976598,0.004086289766319824,-0.0004293876510728184,0.015200082339223603,0.020702568120242196,NORMAL,True,False
5,client14,0.011645578352616481,0.017468367528924722,0.004626380967745964,0.0019391128241013412,0.02403386132077203,0.020702568120242196,MALICIOUS,True,False
5,client1,0.006751678177028381,0.010127517265542571,0.003586153169078714,-0.0015377773337462161,0.012175893100875069,0.020702568120242196,NORMAL,True,True
5,client4,0.006927667506746062,0.010391501260119094,0.003897706587362652,-0.0023720155130254415,0.011917192334456305,0.020702568120242196,NORMAL,True,False
5,client0,0.010350975955421227,0.01552646393313184,0.004020252225204902,0.0016787807751450182,0.02122549693348176,0.020702568120242196,MALICIOUS,True,True
5,client11,0.007799281742330292,0.011698922613495437,0.003823016456269378,-0.0006367862644223684,0.014885152805342448,0.020702568120242196,NORMAL,True,False
5,client15,0.007283051788133907,0.01092457768220086,0.003742443349698802,0.0001718482387151256,0.014838869270614789,0.020702568120242196,NORMAL,True,False
5,client19,0.008518059918164001,0.012777089877246002,0.0038740088138944687,0.0009978525531368417,0.017648951244277313,0.020702568120242196,NORMAL,True,False
5,client12,0.0074156985732291205,0.01112354785984368,0.0040344469354244685,-0.001387612270845591,0.013770382524422557,0.020702568120242196,NORMAL,True,False
5,client3,0.006849360460157802,0.010274040690236703,0.004382636988668247,-0.0014083552192727007,0.013248322459632249,0.020702568120242196,NORMAL,True,True
5,client18,0.0096613499275084,0.0144920248912626,0.00478465368663734,-0.002292385727691039,0.016984292850208898,0.020702568120242196,NORMAL,True,False
5,client5,0.010444229171009163,0.015666343756513743,0.004363575892140917,0.0023081216788411163,0.022338041327495776,0.020702568120242196,MALICIOUS,True,False
5,client7,0.006969189649327255,0.010453784473990882,0.0035183052784400295,0.0001650594310149578,0.01413714918344587,0.020702568120242196,NORMAL,True,False
5,client10,0.0075760118111313415,0.011364017716697011,0.00401981167529544,-0.0014617383950735821,0.013922090996918868,0.020702568120242196,NORMAL,True,False
5,client2,0.007737056133129792,0.011605584199694688,0.0036422246589214746,0.00013466786745617784,0.01538247672607234,0.020702568120242196,NORMAL,True,True
5,client9,0.007267195391768369,0.010900793087652554,0.0038572550917570126,-0.000801989760021548,0.013956058419388018,0.020702568120242196,NORMAL,True,False
5,client13,0.008664894108496426,0.01299734116274464,0.0047092748480039625,0.00048129368439631673,0.01818790969514492,0.020702568120242196,NORMAL,True,False
6,client2,0.008634470383704117,0.012951705575556176,0.004505671697291887,0.0007179314004594602,0.018175308673307522,0.024273271181643526,NORMAL,True,True
6,client0,0.008243536323807837,0.012365304485711756,0.004844605857585686,-0.0016859517052907115,0.01552395863800673,0.024273271181643526,NORMAL,True,True
6,client9,0.008111432501949085,0.012167148752923627,0.004668398341951921,0.0006753896881445724,0.01751093678302012,0.024273271181643526,NORMAL,True,False
6,client17,0.007794286637365113,0.01169142995604767,0.0044732411858662,9.713866747820197e-05,0.01626180980939207,0.024273271181643526,NORMAL,True,False
6,client6,0.008462239012435207,0.01269335851865281,0.004932513667563345,0.0006134284238273141,0.018239300610043467,0.024273271181643526,NORMAL,True,False
6,client18,0.010679883885078081,0.016019825827617122,0.005852642075145148,0.0008148271660557455,0.022687295068818017,0.024273271181643526,NORMAL,True,False
6,client8,0.009150123200327362,0.013725184800491043,0.005122268142810609,0.0014351312613121595,0.02028258420461381,0.024273271181643526,NORMAL,True,False
6,client16,0.008431520885332482,0.012647281327998723,0.005100575727667871,0.000816785491479987,0.01856464254714658,0.024273271181643526,NORMAL,True,False
6,client3,0.008067494881494578,0.012101242322241867,0.005189386476817705,0.000974507537069421,0.01826513633612899,0.024273271181643526,NORMAL,True,True
6,client4,0.01251201104958487,0.018768016574377305,0.005148907692321139,0.004467474834271046,0.02838439910096949,0.024273271181643526,MALICIOUS,True,False
6,client5,0.008965707328440558,0.013448560992660837,0.005260146624984973,-0.0011828174740548842,0.017525890143590926,0.024273271181643526,NORMAL,True,False
6,client14,0.008594335585968772,0.012891503378953157,0.005485814526342841,-0.002440994213318168,0.01593632369197783,0.024273271181643526,NORMAL,True,False
6,client7,0.007783852861074358,0.011675779291611536,0.004296690564547465,0.0006517305693976822,0.016624200425556682,0.024273271181643526,NORMAL,True,False
6,client13,0.011892032361678316,0.017838048542517474,0.005898478084171794,0.002581710602545512,0.026318237229234778,0.024273271181643526,MALICIOUS,True,False
6,client19,0.00937592606012601,0.014063889090189016,0.00481160141990707,0.0006862929135696069,0.019561783423665692,0.024273271181643526,NORMAL,True,False
6,client15,0.010124303990472082,0.015186455985708124,0.00475487374874601,0.0022730017618705404,0.022214331496324673,0.024273271181643526,NORMAL,True,False
6,client1,0.009382809714047105,0.014074214571070658,0.004524434140483424,0.002104905229614979,0.020703553941169062,0.024273271181643526,NORMAL,True,True
6,client12,0.00774092466794462,0.011611387001916931,0.004808539402218931,0.0002601808757723999,0.016680107279908263,0.024273271181643526,NORMAL,True,False
6,client11,0.006902178001360948,0.010353267002041422,0.004513234256405473,-0.0007176829927754751,0.01414881826567142,0.024273271181643526,NORMAL,True,False
6,client10,0.007953684048377718,0.011930526072566576,0.004815180080133212,0.0003021377897971009,0.01704784394249689,0.024273271181643526,NORMAL,True,False
7,client9,0.008159479405719289,0.012239219108578933,0.005484346282523849,3.8437523016163214e-05,0.017762002914118946,0.022215852364427177,NORMAL,True,False
7,client6,0.00822020531884505,0.012330307978267577,0.00575453419944785,-0.00019362695487212535,0.0178912152228433,0.022215852364427177,NORMAL,True,False
7,client12,0.008262968708212092,0.012394453062318138,0.00563483627304014,0.00041763523221397745,0.018446924567572257,0.022215852364427177,NORMAL,True,False
7,client19,0.007465992958537372,0.011198989437806058,0.005558200715760807,-0.0015279464812709101,0.015229243672295955,0.022215852364427177,NORMAL,True,False
7,client0,0.008554561208866798,0.012831841813300196,0.005700061978472366,0.00024881990804716817,0.018780723699819733,0.022215852364427177,NORMAL,True,True
7,client10,0.007273628202215571,0.010910442303323357,0.005542542900354769,-0.000544044676929717,0.01590894052674841,0.022215852364427177,NORMAL,True,False
7,client7,0.009608369131197735,0.014412553696796603,0.005257527477667239,0.0014596130160987022,0.021129694190562542,0.022215852364427177,NORMAL,True,False
7,client2,0.00925755403981503,0.013886331059722545,0.00543142710127339,0.0004984669248887297,0.019816225085884667,0.022215852364427177,NORMAL,True,True
7,client1,0.00832941112159147,0.012494116682387205,0.005357375252642571,-0.0008427188739645084,0.01700877306106527,0.022215852364427177,NORMAL,True,True
7,client11,0.008929227149562785,0.013393840724344179,0.005406156971361752,0.00162163931856147,0.0204216370142674,0.022215852364427177,NORMAL,True,False
7,client16,0.009303193476906878,0.013954790215360318,0.0060308950753585585,0.0006973380732595167,0.02068302336397839,0.022215852364427177,NORMAL,True,False
7,client14,0.00808551561218669,0.012128273418280034,0.00629436608756151,-0.00040705597902566536,0.018015583526815877,0.022215852364427177,NORMAL,True,False
7,client18,0.00731340721118148,0.010970110816772221,0.006583982796263296,-0.002693181339117281,0.014860912273918237,0.022215852364427177,NORMAL,True,False
7,client15,0.007840325175950204,0.011760487763925307,0.0055389062663410305,-0.0018271830516175024,0.015472210978648836,0.022215852364427177,NORMAL,True,False
7,client4,0.012681714372742984,0.019022571559114475,0.006417079129595438,0.00013576265852649206,0.025575413347236405,0.022215852364427177,MALICIOUS,True,False
7,client5,0.009259060283619985,0.013888590425429977,0.006186052653346971,0.00023468236414354166,0.020309325442920488,0.022215852364427177,NORMAL,True,False
7,client17,0.007844695178146607,0.011767042767219911,0.005257710703680861,4.0326832625195434e-05,0.017065080303525968,0.022215852364427177,NORMAL,True,False
7,client8,0.008872134896844337,0.013308202345266505,0.006009481632495043,-0.00022239064278642003,0.019095293334975127,0.022215852364427177,NORMAL,True,False
7,client3,0.008109521627451051,0.012164282441176576,0.00600033863956281,3.3621396765178006e-05,0.018198242477504564,0.022215852364427177,NORMAL,True,True
7,client13,0.007191882140710355,0.010787823211065532,0.006617666298242829,-0.003760120176774369,0.013645369332533994,0.022215852364427177,NORMAL,True,False
8,client12,0.008533475711463862,0.012800213567195793,0.006488183844186526,0.00021640560260141606,0.019504803013983735,0.02626732674597373,NORMAL,True,False
8,client5,0.008372879221253572,0.01255931883188036,0.007023340575472329,-0.0007089448498931298,0.018873714557459557,0.02626732674597373,NORMAL,True,False
8,client16,0.008821628521072435,0.013232442781608653,0.006913057927465802,-0.0003852519646675545,0.019760248744406902,0.02626732674597373,NORMAL,True,False
8,client4,0.007975774299560078,0.011963661449340118,0.007214656559551446,-0.0037647520585463255,0.015413565950345239,0.02626732674597373,NORMAL,True,False
8,client1,0.007423763175392298,0.011135644763088447,0.006099751570181801,-0.0007245183569593375,0.01651087797631091,0.02626732674597373,NORMAL,True,True
8,client18,0.01605703689957556,0.02408555534936334,0.008189686486220852,0.0069949037507152645,0.03927014558629945,0.02626732674597373,MALICIOUS,True,False
8,client9,0.008759151782030246,0.013138727673045369,0.006360261460726874,0.0004797379010487657,0.01997872703482101,0.02626732674597373,NORMAL,True,False
8,client0,0.007141113657924632,0.010711670486886947,0.006414173344264829,-0.0011307580407537328,0.01599508579039804,0.02626732674597373,NORMAL,True,True
8,client17,0.007682641060172179,0.011523961590258269,0.0060259748096980785,-0.0001296432943795424,0.017420293105576804,0.02626732674597373,NORMAL,True,False
8,client6,0.007848482826956988,0.011772724240435482,0.006539382482143549,-0.0002973779935104504,0.018014728729068584,0.02626732674597373,NORMAL,True,False
8,client3,0.007956230856162271,0.011934346284243407,0.006795961725179037,-0.0001226326170310238,0.01860767539239142,0.02626732674597373,NORMAL,True,True
8,client8,0.008269242727148412,0.012403864090722617,0.006836405905209885,-0.00048231373575673977,0.018757956260175762,0.02626732674597373,NORMAL,True,False
8,client13,0.007615776948115912,0.011423665422173868,0.0073792439930544206,0.00033911584592444537,0.019142025261152735,0.02626732674597373,NORMAL,True,False
8,client11,0.007331541059784269,0.010997311589676404,0.006139311077340179,-0.0012781488718228132,0.015858473795193773,0.02626732674597373,NORMAL,True,False
8,client2,0.007859807063915139,0.011789710595872707,0.006217407807664904,-0.0011181975807199125,0.0168889208228177,0.02626732674597373,NORMAL,True,True
8,client14,0.0073841583991246205,0.01107623759868693,0.007032781927473973,-0.0005610857704496556,0.01754793375571125,0.02626732674597373,NORMAL,True,False
8,client15,0.00756410605467937,0.011346159082019055,0.0062953168718089675,-0.00022097529701666787,0.017420500656811354,0.02626732674597373,NORMAL,True,False
8,client7,0.007272808525437479,0.010909212788156219,0.0059848083302109865,-0.0018684484846082053,0.015025572633759001,0.02626732674597373,NORMAL,True,False
8,client19,0.00881261233599987,0.013218918503999803,0.006439461949360794,0.001077295501969998,0.020735675955330594,0.02626732674597373,NORMAL,True,False
8,client10,0.0068459319234462,0.0102688978851693,0.006227136092699389,-0.00034215702301549706,0.01615387695485319,0.02626732674597373,NORMAL,True,False
9,client19,0.008200196161431174,0.01230029424214676,0.007259481565503911,-0.0004899329396549565,0.019069842867995714,0.027735623413260937,NORMAL,True,False
9,client17,0.008461191718212201,0.012691787577318302,0.006872093981519299,0.0006228405264320177,0.02018672208526962,0.027735623413260937,NORMAL,True,False
9,client1,0.00897699408739476,0.01346549113109214,0.006997450978921277,0.00124258472960197,0.021705526839615387,0.027735623413260937,NORMAL,True,True
9,client15,0.008275057990100209,0.012412586985150314,0.007122822670818988,0.0005687615483366715,0.020104171204305975,0.027735623413260937,NORMAL,True,False
9,client18,0.012961843419617222,0.019442765129425832,0.009485870828182573,-0.0024761547839666706,0.026452481173641733,0.027735623413260937,NORMAL,True,False
9,client6,0.007588962778652745,0.011383444167979118,0.007298278760008823,-0.0002076160386433941,0.018474106889344546,0.027735623413260937,NORMAL,True,False
9,client11,0.007744297141307909,0.011616445711961864,0.00691374079147097,0.0003302048652189117,0.018860391368651745,0.027735623413260937,NORMAL,True,False
9,client0,0.0073690681013766635,0.011053602152064995,0.007151080154402495,0.0001823635547616255,0.018387045861229117,0.027735623413260937,NORMAL,True,True
9,client3,0.009951957963984955,0.014927936945977433,0.007791157521577533,0.0015965816862581472,0.024315676153813113,0.027735623413260937,NORMAL,True,True
9,client9,0.007801784507785384,0.011702676761678077,0.007140439911505413,-0.0007658938193958895,0.0180772228537876,0.027735623413260937,NORMAL,True,False
9,client7,0.008486728610472269,0.012730092915708403,0.006833481191258213,0.0009711360680278322,0.020534710174994447,0.027735623413260937,NORMAL,True,False
9,client10,0.007678762986960488,0.011518144480440732,0.006995012391395438,0.0006662648508114302,0.0191794217226476,0.027735623413260937,NORMAL,True,False
9,client12,0.009411512188259601,0.014117268282389402,0.007429335063012486,0.0007024291814365911,0.02224903252683848,0.027735623413260937,NORMAL,True,False
9,client8,0.008839076706658004,0.013258615059987006,0.007720313575875685,0.0004558671836076736,0.021434795819470363,0.027735623413260937,NORMAL,True,False
9,client4,0.008664133198234274,0.01299619979735141,0.008081069879374873,0.0005506871189393567,0.021627956795665638,0.027735623413260937,NORMAL,True,False
9,client16,0.00788425465856706,0.01182638198785059,0.0077014833933225085,-0.0007498990900042996,0.018777966291168798,0.027735623413260937,NORMAL,True,False
9,client13,0.015176496479113464,0.022764744718670196,0.008896893640965766,0.006048575624798042,0.037710213984434006,0.027735623413260937,MALICIOUS,True,False
9,client14,0.007379735408438851,0.011069603112658278,0.0077707554683178574,-3.5383925486152936e-06,0.01883682018842752,0.027735623413260937,NORMAL,True,False
9,client2,0.008693946046286238,0.013040919069429356,0.007086802412293528,0.0006673111858968795,0.020795032667619763,0.027735623413260937,NORMAL,True,True
9,client5,0.00735916188316438,0.01103874282474657,0.0077592567637887674,-0.0008109738704713543,0.017987025718063984,0.027735623413260937,NORMAL,True,False
10,client18,0.01075976409609083,0.016139646144136245,0.010561847237791657,-0.001761663458821114,0.02493982992310679,0.025250838421285282,NORMAL,True,False
10,client6,0.008223690541808772,0.012335535812713159,0.0081206478141897,0.0005077822105248216,0.02096396583742768,0.025250838421285282,NORMAL,True,False
10,client11,0.007685199961209546,0.01152779994181432,0.007682260787591925,-4.727774407869007e-05,0.019162782985327555,0.025250838421285282,NORMAL,True,False
10,client1,0.008975779392300938,0.013463669088451407,0.007895028918151371,-9.717560750577282e-07,0.021357726250527717,0.025250838421285282,NORMAL,True,True
10,client3,0.00942876719276303,0.014143150789144545,0.008734034240853835,-0.00041855261697753974,0.02245863241302084,0.025250838421285282,NORMAL,True,True
10,client8,0.009522733720756682,0.014284100581135023,0.008672586947951354,0.0005469256112789423,0.023503613140365316,0.025250838421285282,NORMAL,True,False
10,client10,0.007204684795941542,0.010807027193912314,0.007715480870989592,-0.0003792625528151565,0.01814324551208675,0.025250838421285282,NORMAL,True,False
10,client0,0.007448154085208923,0.011172231127813384,0.007895895562923387,6.326878706580732e-05,0.019131395477802578,0.025250838421285282,NORMAL,True,True
10,client12,0.007764033509880465,0.011646050264820698,0.008205738414000532,-0.0013179829427033087,0.01853380573611792,0.025250838421285282,NORMAL,True,False
10,client2,0.008890588313446825,0.013335882470170238,0.007975861243638211,0.00015731381372846993,0.02146905752753692,0.025250838421285282,NORMAL,True,True
10,client13,0.006863499989115964,0.010295249983673945,0.009583243639877363,-0.0066503971919980006,0.013228096431553309,0.025250838421285282,NORMAL,True,False
10,client15,0.007655415037351847,0.01148312255602777,0.007888364174554173,-0.0004957143621986897,0.018875772368383253,0.025250838421285282,NORMAL,True,False
10,client5,0.008638459604680033,0.01295768940702005,0.008623102724256771,0.0010234381772125226,0.022604230308489345,0.025250838421285282,NORMAL,True,False
10,client16,0.009657099576984256,0.014485649365476385,0.008667193351020935,0.0014182759347337566,0.024571118651231075,0.025250838421285282,NORMAL,True,False
10,client19,0.008335221542500205,0.012502832313750307,0.008093003719753931,0.00010802030485522474,0.020703856338359465,0.025250838421285282,NORMAL,True,False
10,client7,0.007088055661388097,0.010632083492082146,0.007542286757397022,-0.0011189383592673373,0.01705543189021183,0.025250838421285282,NORMAL,True,False
10,client9,0.010752163383719891,0.016128245075579837,0.008215656249877402,0.002360303100747606,0.026704204426204844,0.025250838421285282,MALICIOUS,True,False
10,client4,0.00768386264956336,0.01152579397434504,0.008849456144331209,-0.0007842164389367308,0.019591033679739515,0.025250838421285282,NORMAL,True,False
10,client17,0.007856733720342405,0.011785100580513607,0.00765776735355354,-0.0004835663982958372,0.018959301535771307,0.025250838421285282,NORMAL,True,False
10,client14,0.008681753866557871,0.013022630799836806,0.008638930854973645,0.0010416147664952158,0.022703176421305666,0.025250838421285282,NORMAL,True,False
11,client14,0.007646827882776014,0.01147024182416402,0.009403613643251247,-0.0008279407870254857,0.020045914680389784,0.026909052553243905,NORMAL,True,False
11,client11,0.012881403289649021,0.019322104934473533,0.008970401116556826,0.00415696266275158,0.03244946871378194,0.026909052553243905,MALICIOUS,True,False
11,client10,0.011299625019920302,0.016949437529880453,0.008845443372981623,0.0032759521791830082,0.029070833082045083,0.026909052553243905,MALICIOUS,True,False
11,client7,0.009090861776400805,0.013636292664601209,0.008451372935037102,0.0016022448920101663,0.023689910491648477,0.026909052553243905,NORMAL,True,False
11,client6,0.008425794930545577,0.012638692395818364,0.008963227307244259,0.0001616835109894438,0.021763603214052067,0.026909052553243905,NORMAL,True,False
11,client9,0.0073696272006367235,0.011054440800955086,0.008952618969941074,-0.0027060289464665346,0.017301030824429624,0.026909052553243905,NORMAL,True,False
11,client19,0.009194354345822974,0.013791531518734461,0.009012439154336228,0.0006873062426582158,0.023491276915728904,0.026909052553243905,NORMAL,True,False
11,client18,0.007300171310120729,0.010950256965181093,0.01129186436880373,-0.002767674228776081,0.019474447105208743,0.026909052553243905,NORMAL,True,False
11,client3,0.008806564905652283,0.013209847358478424,0.009614690731419063,-0.0004977618296885978,0.02232677626020889,0.026909052553243905,NORMAL,True,True
11,client16,0.008258860290352209,0.012388290435528315,0.009493079380056155,-0.0011185914293056376,0.02076277838627883,0.026909052553243905,NORMAL,True,False
11,client4,0.008280381452443595,0.012420572178665393,0.009677494289575568,0.0004772150423041875,0.022575281510545147,0.026909052553243905,NORMAL,True,False
11,client0,0.007155071539071347,0.01073260730860702,0.008611402716830521,-0.00023446603691006028,0.019109543988527482,0.026909052553243905,NORMAL,True,True
11,client17,0.007443724670703299,0.01116558700605495,0.00840213982062387,-0.0003304072397112848,0.019237319586967536,0.026909052553243905,NORMAL,True,False
11,client5,0.007012876372543659,0.010519314558815489,0.009324390361511137,-0.0013004665857090994,0.018543238334617525,0.026909052553243905,NORMAL,True,False
11,client2,0.008679417910690441,0.013019126866035662,0.008843803034707255,-0.00016893632220510714,0.02169399357853781,0.026909052553243905,NORMAL,True,True
11,client12,0.007821891026633356,0.011732836539950034,0.008987927516663868,4.628601340231284e-05,0.020767050070016217,0.026909052553243905,NORMAL,True,False
11,client13,0.007277132133431014,0.01091569820014652,0.010310956853220464,0.0003309057154520401,0.021557560768819026,0.026909052553243905,NORMAL,True,False
11,client1,0.008485566820619034,0.012728350230928552,0.008743585600213275,-0.0003921700573455228,0.021079765773796305,0.026909052553243905,NORMAL,True,True
11,client8,0.007471961199759896,0.011207941799639845,0.009419783067927344,-0.0016406180167974288,0.01898710685076976,0.026909052553243905,NORMAL,True,False
11,client15,0.006780925917227974,0.010171388875841961,0.00856645676627697,-0.0006995912960990982,0.01803825434601983,0.026909052553243905,NORMAL,True,False
12,client2,0.006929213756737098,0.010393820635105647,0.009536724410380965,-0.0014001633231626746,0.01853038172232394,0.029700508803509947,NORMAL,True,True
12,client1,0.0077087601188193045,0.011563140178228957,0.009514461612095206,-0.000621445361439784,0.02045615642888438,0.029700508803509947,NORMAL,True,True
12,client8,0.007596279653876593,0.011394419480814889,0.010179411033315003,9.94547632933572e-05,0.02167328527742325,0.029700508803509947,NORMAL,True,False
12,client16,0.00891516168951749,0.013372742534276234,0.010384595549007903,0.0005250411193322244,0.024282379202616364,0.029700508803509947,NORMAL,True,False
12,client19,0.00760520322817107,0.011407804842256605,0.009772959477153335,-0.0012713208941215236,0.019909443425288418,0.029700508803509947,NORMAL,True,False
12,client5,0.013508204359373843,0.020262306539060762,0.010675210797448521,0.005196262389464148,0.03613377972597343,0.029700508803509947,MALICIOUS,True,False
12,client7,0.0088112564636093,0.01321688469541395,0.009332498581398032,-0.00022368425023320399,0.02232569902657878,0.029700508803509947,NORMAL,True,False
12,client15,0.0067684721629557975,0.010152708244433695,0.00924330398257255,-9.963003417741424e-06,0.019386049223588504,0.029700508803509947,NORMAL,True,False
12,client11,0.007693664617438012,0.011540496926157018,0.009739767578300628,-0.004150190937768808,0.017130073566688837,0.029700508803509947,NORMAL,True,False
12,client10,0.006842781993958278,0.010264172990937417,0.00952972157237745,-0.0035654744207696196,0.016228420142545247,0.029700508803509947,NORMAL,True,False
12,client0,0.007873934646368222,0.011810901969552333,0.009398796181467344,0.0005750904858374998,0.021784788636857174,0.029700508803509947,NORMAL,True,True
12,client18,0.011009802353409554,0.016514703530114333,0.012392844604144684,0.0029677048346310603,0.03187525296889008,0.029700508803509947,MALICIOUS,True,False
12,client6,0.008410456685572021,0.012615685028358033,0.00980427297580146,-1.227059597884439e-05,0.022407687408180648,0.029700508803509947,NORMAL,True,False
12,client14,0.009422510575991735,0.014133765863987603,0.01034586470085042,0.0014205461545725774,0.025900176719410604,0.029700508803509947,NORMAL,True,False
12,client17,0.010179047022667798,0.015268570534001697,0.00942004452289065,0.0021882578815715995,0.02687687293846395,0.029700508803509947,NORMAL,True,False
12,client12,0.007507456151046424,0.011261184226569635,0.00973867313176851,-0.00025154790046954606,0.0207483094578686,0.029700508803509947,NORMAL,True,False
12,client9,0.007600684855482772,0.011401027283224159,0.009712687455489352,0.00018484612387683897,0.02129856086259035,0.029700508803509947,NORMAL,True,False
12,client3,0.009467520444560947,0.01420128066684142,0.010561442775875158,0.0005287644311269311,0.02529148787384351,0.029700508803509947,NORMAL,True,True
12,client13,0.007293557765938487,0.010940336648907732,0.011040312629814314,1.3140506005978464e-05,0.021993789784728022,0.029700508803509947,NORMAL,True,False
12,client4,0.007634450695289708,0.011451676042934561,0.01044093935910454,-0.0005167446057231094,0.02137587079631599,0.029700508803509947,NORMAL,True,False
